;Error_Word;Correct_Word;substitution;insertion;deletion;transposition;single/multi
0;Picjler;Pichler;1;;;;1
1;Psychatr;Psychiater;;;2;;2
2;psyhother;Psychiater;1;1;2;;4
3;psychother;Psychiater;1;;2;;3
4;hausverwaltiung;Hausverwaltung;;1;;;1
5;Psychatrie;Psychiatrie;;;1;;1
6;UmzugSpedition;Umzugsspedition;;;1;;1
7;Whonung;Wohnung;;;;1;1
8;fußpfelge;Fußpflege;;;;1;1
9;gebaude;Gebäude;1;;;;1
10;geäude;Gebäude;;;1;;1
11;zierat;Zierrat;;;1;;1
12;Immobileinagentur;Immobilienagentur;;;;1;1
13;Orthopädr;Orthopäde;1;;;;1
14;AAsylrecht;Asylrecht;;1;;;1
15;Pssfoto;Passfoto;;;1;;1
16;Rückgae;Rückgabe;;;1;;1
17;Motot;Motor;1;;;;1
18;uind;und;;1;;;1
19;Tischlerr;Tischler;;1;;;1
20;Flieesen;Fliesen;;1;;;1
21;StadBäckerei;Stadtbäckerei;;;1;;1
22;Gastho;Gasthof;;;1;;1
23;Orthopädew;Orthopäde;;1;;;1
24;sanitäör;sanitär;;1;;;1
25;taxiunternhemen;Taxiunternehmen;;;;1;1
26;Immobilienmaklre;Immobilienmakler;;;;1;1
27;Immobilienmakelr;Immobilienmakler;;;;1;1
28;Rechtsanwaöt;Rechtsanwalt;1;;;;1
29;Putuarbeiten;Putzarbeiten;1;;;;1
30;Netwerktechnik;Netzwerktechnik;;;1;;1
31;Immobilienmaklrer;Immobilienmakler;;1;;;1
32;Renteversicherung;Rentenversicherung;;;1;;1
33;textieldruck;Textildruck;;1;;;1
34;Brüroreinigung;Büroreinigung;;1;;;1
36;rechtsanwalte;Rechtsanwälte;1;;;;1
37;Gartenabu;Gartenbau;;;;1;1
38;Essne;essen;;;;1;1
39;umüge;Umzüge;;;1;;1
40;Restsuranrs;Restaurants;2;;;;2
41;Grsd;Grad;1;;;;1
43;cednter;Center;;1;;;1
44;Hausveralter;Hausverwalter;;;1;;1
45;Spielplaltz;Spielplatz;;1;;;1
46;Werkszatt;Werkstatt;1;;;;1
47;Eelektriker;Elektriker;;1;;;1
48;Radiologuie;Radiologie;;1;;;1
49;Prodologe;Podologe;;1;;;1
50;Ffamilie;Familie;;1;;;1
51;Essn;essen;;;1;;1
52;SWteuerberater;Steuerberater;;1;;;1
53;Schneidee;Schneider;1;;;;1
54;Elektrieker;Elektriker;;1;;;1
55;Umzzg;Umzug;1;;;;1
56;hufschnied;Hufschmied;1;;;;1
57;bettreutes;betreutes;;1;;;1
58;Hautadrzt;Hautarzt;;1;;;1
59;Gastroenterologee;Gastroenterologe;;1;;;1
60;Katsen;Katzen;1;;;;1
61;ackenprobleme;Nackenprobleme;;;1;;1
62;Reschtsanwahlt;Rechtsanwalt;;;2;;2
63;sportkultour;Sportkultur;;1;;;1
64;Vwgersicherungsvermittler;Versicherungsvermittler;;1;;;1
65;Essenb;essen;;1;;;1
66;Dachdeker;Dachdecker;;;1;;1
67;universitätsmedizn;Universitätsmedizin;;;1;;1
68;Alterflecken;Altersflecken;;;1;;1
69;Kühche;Küche;;1;;;1
70;echtsanwalt;Rechtsanwalt;;;1;;1
71;Kiefernorthopäde;Kieferorthopäde;;1;;;1
72;imobilien;Immobilien;;;1;;1
73;Zahnchirurgia;Zahnchirurgie;1;;;;1
74;imobiliee;Immobilie;;1;1;;2
76;Produktioin;Produktion;;1;;;1
77;Bodenbelege;Bodenbeläge;1;;;;1
78;imlantologie;Implantologie;;;1;;1
79;betäubungsmittelgesetzt;Betäubungsmittelgesetz;;1;;;1
80;einhandel;Weinhandel;;;1;;1
81;imobilie;Immobilie;;;1;;1
84;Rechtsanwaltin;Rechtsanwältin;1;;;;1
86;Pizzaservce;Pizzaservice;;;1;;1
87;BHeizung;Heizung;;1;;;1
88;Conpyshop;Copyshop;;1;;;1
89;Wohnungsermietung;Wohnungsvermietung;;;1;;1
90;imobilieen;Immobilien;;1;1;;2
91;ienstleistungen;Dienstleistungen;;;1;;1
92;mzüge;Umzüge;;;1;;1
93;stralentherapi;Strahlentherapie;;;1;;1
94;Nürmberger;Nürnberger;1;;;;1
95;Eisenhändeler;Eisenhändler;;1;;;1
96;effezienz;Effizienz;1;;;;1
97;Köinik;Klinik;1;;;;1
98;Umzugsunternehmsen;Umzugsunternehmen;;1;;;1
99;Meeresngeln;meeresangeln;;;1;;1
100;Haussercie;Hausservice;1;;1;;2
101;Architekturbürok;Architekturbüro;;1;;;1
102;Psychtherapie;Psychotherapie;;;1;;1
103;Gartenbservice;Gartenservice;;1;;;1
105;drehspies;Drehspieß;1;;;;1
106;Rechtsanwalth;Rechtsanwalt;;1;;;1
107;Schukter;Schulter;1;;;;1
108;meeresanfekn;meeresangeln;2;;;;2
109;ngelzubehör;Angelzubehör;;;1;;1
110;Chriroug;Chirurg;2;;;;2
111;zhomas;Thomas;1;;;;1
112;Masaage;Massage;1;;;;1
113;einbaukühlschnrank;Einbaukühlschrank;;1;;;1
114;Büroserive;Büroservice;;1;;1;2
115;Büroserivce;Büroservice;;;;1;1
116;HBioresonanz;Bioresonanz;1;;;;1
117;glasrei;Glaserei;;;1;;1
118;ersatzteilse;Ersatzteile;;1;;;1
119;Physikaöische;physikalische;1;;;;1
120;Isolierbauu;Isolierbau;;1;;;1
121;Fototudio;Fotostudio;;;1;;1
122;pflegeimmoblie;Pflegeimmobilie;;;1;;1
123;Aötstadt;Altstadt;1;;;;1
124;Mqler;Maler;1;;;;1
125;sichheheitsdienst;Sicherheitsdienst;;1;1;;2
126;Physiotherappie;Physiotherapie;;1;;;1
127;Neurochirogische;neurochirurgische;1;;1;;2
128;Runaldo;Ronaldo;1;;;;1
129;ppraxis;Praxis;;1;;;1
130;erestaurant;Restaurant;;1;;;1
131;Heozunh;Heizung;2;;;;2
132;Rohreinigung;Rohrreinigung;;;1;;1
133;elwektonikversand;Elektronikversand;;1;1;;2
134;Fusdpflege;Fußpflege;1;1;;;2
136;Plfegezentrum;Pflegezentrum;;;;1;1
137;Gebrauchteile;Gebrauchtteile;;;1;;1
138;Bücherrei;Bücherei;;1;;;1
139;karenbau;Karrenbau;;;1;;1
140;Fusdpflehe;Fußpflege;2;1;;;3
141;trokenbau;Trockenbau;;;1;;1
142;bodenbeleger;Bodenleger;;2;;;2
143;Orthopädd;Orthopäde;1;;;;1
144;transoirt;Transport;2;;;;2
145;Tuningteik;Tuningteil;1;;;;1
146;schchneider;Schneider;;2;;;2
147;fensteereinigung;Fensterreinigung;;1;;;1
148;tischeler;Tischler;;1;;;1
149;Pfleelgeheim;Pflegeheim;;2;;;2
150;karosseriebua;Karosseriebau;;;;1;1
151;Hausmeisterservixe;Hausmeisterservice;1;;;;1
152;ugenarzt;Augenarzt;;;1;;1
154;Rechtsanwalmt;Rechtsanwalt;;1;;;1
156;cDachdecker;Dachdecker;;1;;;1
157;msage;Massage;;;2;;2
159;Horgeräteakkustik;Hörgeräteakustik;;1;;;1
160;Retaurand;Restaurant;1;;1;;2
161;wassr;Wasser;;;1;;1
162;fullzeit;Vollzeit;2;;;;2
163;Kosmetikin;Kosmetikerin;;;2;;2
164;lieferorth;Lieferort;;1;;;1
165;füt;für;1;;;;1
166;Orthdropäde;Orthopäde;;2;;;2
167;Perosn;Person;;;;1;1
168;alianz;Allianz;;;1;;1
169;bestattungsinstituz;Bestattungsinstitut;1;;;;1
170;pforzhrimer;Pforzheimer;1;;;;1
171;Rechtsnawlat;Rechtsanwalt;;;;2;2
172;Abspache;Absprache;;;1;;1
173;vertriebswarenalgage;Vertriebswarenlager;;2;1;;3
174;personalofficwe;Personaloffice;;1;;;1
175;scghmidt;Schmidt;;1;;;1
176;württemberrg;Württemberg;;1;;;1
177;Teinigung;Reinigung;1;;;;1
178;Kosnetik;Kosmetik;1;;;;1
179;Schlosdienst;Schloßdienst;1;;;;1
180;Retaurans;Restaurants;;;1;;1
181;Hezung;Heizung;;;1;;1
182;nachschweisen;nachschweißen;1;;;;1
183;Steuerberung;Steuerberatung;;;2;;2
184;karrosseriewerkstatt;Karosseriewerkstatt;;1;;;1
185;Physiotherapy;Physiotherapie;1;;1;;2
186;orthoopäde;Orthopäde;;1;;;1
187;akkupunktur;Akupunktur;;1;;;1
188;Lixht;Licht;1;;;;1
189;volksvagen;Volkswagen;1;;;;1
190;Grosshanfek;Großhandel;4;;;;4
191;Physiptherapie;Physiotherapie;1;;;;1
192;ziwil;zivil;1;;;;1
193;Immobielimakler;Immobilienmakler;;1;2;;3
194;Gestalther;Gestalter;;1;;;1
195;senoren;Senioren;;;1;;1
196;ommobilie;Immobilie;1;;;;1
197;Huas;Haus;;;;1;1
198;Fahrschulr;Fahrschule;1;;;;1
199;Versicherungf;Versicherung;;1;;;1
200;Gartenbauq;Gartenbau;;1;;;1
201;spezialitt;Spezialität;;;1;;1
202;Repchtsanwalt;Rechtsanwalt;;1;;;1
203;kaufmasnn;Kaufmann;;1;;;1
204;Zuladdung;Zulassung;2;;;;2
205;servise;Service;1;;;;1
206;Imobilienmakler;Immobilienmakler;;;1;;1
207;rechtswalt;Rechtsanwalt;;;2;;2
208;stuerberater;Steuerberater;;;1;;1
210;Tecniker;Techniker;;;1;;1
211;Heilpratkik;Heilpraktiker;;;2;1;3
212;Intecrnationale;internationale;;1;;;1
213;Herrenmide;Herrenmode;1;;;;1
214;versichwerung;Versicherung;;1;;;1
215;Drehteiöe;Drehteile;1;;;;1
216;gartnoase;Gartenoase;;;1;;1
217;karosserieo;Karosserie;;1;;;1
218;Sonderpreisyve;Sonderpreise;;2;;;2
219;Olvien;Oliven;;;;1;1
220;hEIZUNGSREPERATUR;Heizungsreparatur;1;;;;1
221;Kirchengemeine;Kirchengemeinde;;;1;;1
222;Landschftsbau;Landschaftsbau;;;1;;1
223;deutsxchen;deutschen;;1;;;1
224;Rattenbekämfung;Rattenbekämpfung;;;1;;1
225;metzgre;Metzger;;;;1;1
227;Rechtsranwalt;Rechtsanwalt;;1;;;1
228;Spedizion;Spedition;1;;;;1
229;Jalousiebau;Jalousienbau;;;1;;1
230;Gärtnerein;Gärtnereien;;;1;;1
231;hysiotherapie;Physiotherapie;;;1;;1
232;Sanitärinstllateur;Sanitärinstallateur;;;1;;1
233;Reschetaurant;Restaurant;;3;;;3
234;Tecnik;Technik;;;1;;1
235;architektk;Architekt;;1;;;1
237;Sanitärinstallatur;Sanitärinstallateur;;;1;;1
238;ahrzeuge;Fahrzeuge;;;1;;1
239;beschtichten;beschichten;;1;;;1
240;dedektiv;Detektiv;1;;;;1
241;karosseriebao;Karosseriebau;1;;;;1
242;Orthopädeben;Orthopäden;;2;;;2
243;Immobilieb;Immobilien;1;;;;1
244;Vwerein;Verein;;1;;;1
245;kiefernorthopäden;Kieferorthopäden;;1;;;1
246;baustiffe;Baustoffe;1;;;;1
247;steuwerrecht;Steuerrecht;;1;;;1
248;allrsbtenner;Allesbrenner;2;;;;2
249;hüner;Hühner;;;1;;1
250;Taekwono;Taekwondo;;;1;;1
251;suuchen;suchen;;1;;;1
252;haustechnikm;Haustechnik;;1;;;1
253;hyuandai;Hyundai;;1;;;1
254;Teleonnummernrecherche;Telefonnummernrecherche;;;1;;1
255;endokriologen;Endokrinologen;;;1;;1
256;Kaminoen;Kaminofen;;;1;;1
257;Heinricg;Heinrich;1;;;;1
258;Sankoitärinstallateur;Sanitärinstallateur;;2;;;2
259;kontrasze;Kontraste;1;;;;1
260;Kieferorthopädis;Kieferorthopädie;1;;;;1
261;Rechtsanwalr;Rechtsanwalt;1;;;;1
263;Pitzzaria;Pizzeria;1;1;;;2
264;Hausverwaltungb;Hausverwaltung;;1;;;1
265;Hautarztin;Hautärztin;1;;;;1
266;Kurrier;Kurier;;1;;;1
267;vlaudia;Claudia;1;;;;1
268;gartengestatltung;Gartengestaltung;;1;;;1
269;Gebäudemanagemant;Gebäudemanagement;1;;;;1
270;retaurant;Restaurant;;;1;;1
271;schreinet;Schreiner;1;;;;1
272;Transpotz;Transport;2;;;;2
273;Warnrmünde;Warnemünde;1;;;;1
275;fenstrer;Fenster;;1;;;1
276;putcen;putzen;1;;;;1
277;speziwerkstatt;Spezialwerkstatt;;;2;;2
278;Gebedereinigung;Gebäudereinigung;1;;1;;2
279;Umzeugsunternehmen;Umzugsunternehmen;;1;;;1
280;polsterreinugn;Polsterreinigung;;;2;1;3
281;receyclinghof;Recyclinghof;;1;;;1
282;Hausverliwaltung;Hausverwaltung;;2;;;2
283;akupunkitur;Akupunktur;;1;;;1
284;Münzne;Münzen;;;;1;1
285;Frauenarzr;Frauenarzt;1;;;;1
286;Lehmaschinen;Leihmaschinen;;;1;;1
287;trokoenbau;Trockenbau;;1;1;;2
288;Voderfon;Vodafone;1;1;1;;3
289;schreinetei;Schreinerei;1;;;;1
290;polsterir;Polsterei;2;;;;2
291;Haarerlängerung;Haarverlängerung;;;1;;1
292;massivholzbodenhadel;Massivholzbodenhandel;;;1;;1
293;Osthepatie;Osteopathie;;1;2;;3
294;ilpraktiker;Heilpraktiker;;;2;;2
295;schreinere;Schreinerei;;;1;;1
296;neumpnster;Neumünster;1;;;;1
297;Tranport;Transport;;;1;;1
298;transporster;Transporter;;1;;;1
299;nürnberh;Nürnberg;1;;;;1
300;suppenkaspa;Suppenkasper;1;;1;;2
301;oruckerei;Druckerei;1;;;;1
302;Burrger;Burger;;1;;;1
303;Augnzentrum;Augenzentrum;;;1;;1
304;Haarentfeenungh;Haarentfernung;1;1;;;2
305;automatisierungstecnik;Automatisierungstechnik;;;1;;1
306;drrmatologe;Dermatologe;1;;;;1
307;Proviiz;Provinz;1;;;;1
308;Grillsverkauf;Grillverkauf;;1;;;1
309;Raom;Raum;1;;;;1
310;zahnaärztin;Zahnärztin;;1;;;1
311;Fensterrareinigung;Fensterreinigung;;2;;;2
312;ärzteservise;Ärzteservice;1;;;;1
313;Leistenharmie;Leistenhernie;2;;;;2
314;familei;Familie;;;;1;1
315;Heilwopraktiker;Heilpraktiker;;2;;;2
316;Steuerberter;Steuerberater;;1;;;1
317;Badsnierung;Badsanierung;;1;;;1
318;Gastrolomi;Gastronomie;1;;1;;2
319;nachhilfg;Nachhilfe;1;;;;1
320;Pizzerie;Pizzeria;1;;;;1
322;Bensin;Benzin;1;;;;1
323;Provinizial;Provinzial;;1;;;1
324;Klost3rhof;Klosterhof;1;;;;1
325;Heilwpraktiker;Heilpraktiker;;1;;;1
326;gebäudereiningung;Gebäudereinigung;;1;;;1
327;physioterapie;Physiotherapie;;;1;;1
329;Grammatk;Grammatik;;;1;;1
330;Ristorantts;Restaurants;2;1;1;;4
331;badistallation;Badinstallation;;;1;;1
332;phisioteraphie;Physiotherapie;1;1;1;;3
333;sachverständighe;Sachverständige;;1;;;1
334;resiebüro;Reisebüro;;;;1;1
335;Handchirugie;Handchirurgie;;;1;;1
336;gynäkolgie;Gynäkologie;;;1;;1
337;eferservic;Lieferservice;;;3;;3
338;Rechtsanwaltf;Rechtsanwalt;;1;;;1
340;Toranjage;Toranlage;1;;;;1
341;Reifenhändlet;Reifenhändler;1;;;;1
342;Akuunktur;Akupunktur;;;1;;1
343;heizug;Heizung;;;1;;1
344;Fahrzeiugtechnik;Fahrzeugtechnik;;1;;;1
345;Gebäudedienszt;Gebäudedienst;;1;;;1
346;ttrockenbau;Trockenbau;;1;;;1
347;allesd;alles;;1;;;1
348;renigung;Reinigung;;;1;;1
350;schteiberr;Schreiber;1;1;;;2
351;Renovirungsysteme;Renovierungssysteme;;;1;;1
352;Schmucj;Schmuck;1;;;;1
353;Schlusselfienst;Schlüsseldienst;2;;;;2
354;Bootzubehör;Bootszubehör;;;1;;1
356;zugsunternehmen;Umzugsunternehmen;;;2;;2
357;medizhinis;medizinisch;;1;2;;3
358;Heizun;Heizung;;;1;;1
359;physioterapoie;Physiotherapie;;1;;;1
360;haudmeisterservice;Hausmeisterservice;1;;;;1
361;Möbbelhaus;Möbelhaus;;1;;;1
362;ietrecht;Mietrecht;;;1;;1
363;Frauenarzts;Frauenarzt;;1;;;1
364;Frhiseur;Friseur;;1;;;1
365;Uniklinki;Uniklinik;;;;1;1
366;Versicherungsberatr;Versicherungsberater;;;1;;1
367;leipzug;Leipzig;1;;;;1
368;Verscherung;Versicherung;;;1;;1
369;werksat;Werkstatt;;;2;;2
370;rrestaurant;Restaurant;;1;;;1
371;Autoglasfoelierung;Autoglasfolierung;;1;;;1
372;hausservive;Hausservice;1;;;;1
373;grtner;Gärtner;;;1;;1
374;Logistic;Logistik;1;;;;1
375;filesen;Fliesen;;;;1;1
376;ektase;Ekstase;;;1;;1
377;Gheriechisches;griechisches;;2;;;2
378;Saitärinstallateur;Sanitärinstallateur;;;1;;1
379;Psyhologe;Psychologe;;;1;;1
380;schlussel;Schlüssel;1;;;;1
381;mmobilien;Immobilien;;;1;;1
382;Immobilier;Immobilie;;1;;;1
383;itärinstallateur;Sanitärinstallateur;;;3;;3
384;rechtsanwlte;Rechtsanwälte;;;1;;1
385;Kosmetilhandel;Kosmetikhandel;1;;;;1
386;Verkrhr;Verkehr;1;;;;1
387;Personaöldienst;Personaldienst;;1;;;1
388;Imbisss;Imbiss;;1;;;1
389;recbt;Recht;1;;;;1
390;Einzelandel;Einzelhandel;;;1;;1
391;Ausländerecht;Ausländerrecht;;;1;;1
392;Teppichreperatur;Teppichreparatur;1;;;;1
393;Trockrnbau;Trockenbau;1;;;;1
394;Schneiderrei;Schneiderei;;1;;;1
395;schnieder;Schneider;;;;1;1
396;Deutsdfhe;deutsche;1;1;;;2
397;tudio;Studio;;;1;;1
398;Backerei;Bäckerei;1;;;;1
399;fahscule;Fahrschule;;;2;;2
400;Rechtanwalt;Rechtsanwalt;;;1;;1
401;Handler;Händler;1;;;;1
402;maarkt;Markt;;1;;;1
403;Oelheizuge;Ölheizung;1;2;1;;4
404;inginerbüro;Ingenieurbüro;;;2;1;3
405;Augrnbrsun;Augenbrauen;2;;1;;3
406;wohunug;Wohnung;;1;1;;2
407;Heizungb;Heizung;;1;;;1
408;karrosseriebau;Karosseriebau;;1;;;1
409;vertragsrrcht;Vertragsrecht;1;;;;1
410;chirugischer;chirurgischer;;;1;;1
411;Reiingung;Reinigung;;;;1;1
412;gastroenterloge;Gastroenterologe;;;1;;1
413;Immobilienmaklr;Immobilienmakler;;;1;;1
415;zahnaruzt;Zahnarzt;;1;;;1
416;ensorgumf;Entsorgung;2;;1;;3
417;heinzung;Heizung;;1;;;1
418;Rechtsnwalt;Rechtsanwalt;;;1;;1
419;dresddn;Dresden;1;;;;1
420;steuereberater;Steuerberater;;1;;;1
421;Zahnazt;Zahnarzt;;;1;;1
422;Medrdizin;Medizin;;2;;;2
423;fusweg;Fußweg;1;;;;1
424;versicheerung;Versicherung;;1;;;1
425;Gewrbe;Gewerbe;;;1;;1
426;Sonnenbschutz;Sonnenschutz;;1;;;1
427;strassem;Straßen;2;1;;;3
428;haushat;Haushalt;;;1;;1
429;Meschaniche;mechanische;;1;;;1
430;Frseur;Friseur;;;1;;1
431;Autumobile;Automobile;1;;;;1
432;Gewrbeimmobilien;Gewerbeimmobilien;;;1;;1
433;Restaurent;Restaurant;1;;;;1
434;Augenarzte;Augenärzte;1;;;;1
435;Fleiscg;Fleisch;1;;;;1
436;Gewbeimmobilien;Gewerbeimmobilien;;;2;;2
437;Gartezaun;Gartenzaun;;;1;;1
438;chirug;Chirurg;;;1;;1
442;Umzugsuntebrnehmen;Umzugsunternehmen;;1;;;1
443;noatr;Notar;;;;1;1
444;Lasz;Last;1;;;;1
445;gastroenteroge;Gastroenterologe;;;2;;2
446;lungenartz;Lungenarzt;;;;1;1
447;chirugiscer;chirurgischer;;;2;;2
448;Kiblenz;Koblenz;1;;;;1
449;Frisemeur;Friseur;;2;;;2
450;Baysalon;Babysalon;;;1;;1
451;Sportmedizinen;Sportmediziner;1;;;;1
452;industriebdarf;Industriebedarf;;;1;;1
453;ind;und;1;;;;1
454;Architekstt;Architekt;;2;;;2
455;Allgemeinrzt;Allgemeinarzt;;;1;;1
456;Dachedexker;Dachdecker;1;;;;1
457;Urologem;Urologen;1;;;;1
458;interint;Internist;;;1;1;2
459;Immobiline;Immobilien;;;;1;1
461;Elejtriker;Elektriker;1;;;;1
462;Fizoterapi;Physiotherapie;3;;4;;7
463;druckereio;Druckerei;;1;;;1
464;Patnetanwalt;Patentanwalt;;;;1;1
465;Mietrechttr;Mietrecht;;2;;;2
466;Chirugie;Chirurgie;;;1;;1
467;larmanlagen;Alarmanlagen;;;1;;1
468;pflegehilfer;Pflegehelfer;1;;;;1
469;haushaltz;Haushalt;;1;;;1
470;apotheen;Apotheken;;;1;;1
471;Automischanik;Automechanik;1;1;;;2
472;Finazkonzepte;Finanzkonzepte;;;1;;1
473;uni9versal;universal;;1;;;1
474;teuflich;teuflisch;;;1;;1
475;Rechtsabwalt;Rechtsanwalt;1;;;;1
476;Frauenarztin;Frauenärztin;1;;;;1
477;holzfeller;Holzfäller;1;;;;1
478;goankauf;Goldankauf;;;2;;2
479;Brautmpde;Brautmode;1;;;;1
480;Schnmeider;Schneider;;1;;;1
481;messgerete;Messgeräte;1;;;;1
482;Bausachverständider;Bausachverständiger;1;;;;1
483;gartenbaz;Gartenbau;1;;;;1
484;Verpackungeb;Verpackungen;1;;;;1
486;Änderunsegsschneiderei;Änderungsschneiderei;;2;;;2
487;werkstad;Werkstatt;1;;1;;2
488;rheiuma;Rheuma;;1;;;1
489;stationb;Station;;1;;;1
490;gasstallateur;Gasinstallateur;;;2;;2
491;Protologe;Proktologe;;;1;;1
492;haushaltzsauflösung;Haushaltsauflösung;;1;;;1
493;Steuerberatee;Steuerberater;1;;;;1
494;Weinhändelr;Weinhändler;;;;1;1
495;Imobielen;Immobilien;;1;2;;3
496;geinigung;Reinigung;1;;;;1
497;Engeneerin;Engineering;1;;1;;2
498;Glasreinigugn;Glasreinigung;;;;1;1
499;immbis;Imbiss;;1;1;;2
500;Metalbau;Metallbau;;;1;;1
501;HEILPRAKTIG;Heilpraktiker;1;;2;;3
502;immobiliie;Immobilie;;1;;;1
503;Motorad;Motorrad;;;1;;1
504;heismngel;Heißmangel;1;;1;;2
505;Webrbeagentur;Werbeagentur;;1;;;1
506;hauverwaltung;Hausverwaltung;;;1;;1
507;Allgemeinmedezin;Allgemeinmedizin;1;;;;1
508;Seniorenresidden9z;Seniorenresidenz;;2;;;2
509;Saniktätshaus;Sanitätshaus;;1;;;1
510;lakierwerkstat;Lackierwerkstatt;;;2;;2
511;Krank3ngynastik;Krankengymnastik;1;;1;;2
512;klemponer;Klempner;;1;;;1
513;Hauverwaltungen;Hausverwaltungen;;;1;;1
514;Detekteo;Detektei;1;;;;1
515;Versicherungagentur;Versicherungsagentur;;;1;;1
516;friedruxhd;Friedrich;1;2;;;3
517;wassertechnuk;Wassertechnik;1;;;;1
518;Bestatterj;Bestatter;;1;;;1
519;rbrecht;Erbrecht;;;1;;1
520;wassertechnk;Wassertechnik;;;1;;1
521;heizungsinstalateur;Heizungsinstallateur;;;1;;1
522;Krank3ngynast;Krankengymnast;;1;1;;2
523;controler;Controller;;;1;;1
524;Archtektur;Architektur;;;1;;1
525;welness;Wellness;;;1;;1
526;Autowerkstadt;Autowerkstatt;1;;;;1
527;Metzgerf;Metzger;;1;;;1
528;Bauunternhmen;Bauunternehmen;;;1;;1
529;Bauunzeenehmen;Bauunternehmen;2;;;;2
530;Abfallentsotgungsverband;Abfallentsorgungsverband;1;;;;1
531;Abfallentsotgung;Abfallentsorgung;1;;;;1
532;Wohungen;Wohnungen;;;1;;1
533;Eventmanufraktur;Eventmanufaktur;;1;;;1
534;Schreinrr;Schreiner;1;;;;1
535;Schmuckherstellungm;Schmuckherstellung;;1;;;1
536;kinderarztin;Kinderärztin;1;;;;1
537;haushaly;Haushalt;1;;;;1
538;Küchenmpnteur;Küchenmonteur;1;;;;1
539;Hausmeisteservice;Hausmeisterservice;;;1;;1
541;Verischerungsnakkler;Versicherungsmakler;1;1;;1;3
542;sonnenschuztz;Sonnenschutz;;1;;;1
543;Montagerbeiter;Montagearbeiter;;;1;;1
544;fliesenleher;Fliesenleger;1;;;;1
545;kinstler;Künstler;1;;;;1
546;PlasterVersiegelung;Pflasterversiegelung;;;1;;1
547;nd;und;;;1;;1
548;folientecvhnik;Folientechnik;;1;;;1
549;Verscherungsmakler;Versicherungsmakler;;;1;;1
550;zahnarzrt;Zahnarzt;;1;;;1
551;monteir;Monteur;1;;;;1
552;internit;Internist;;;1;;1
553;Zutrittfskontrollsystem;Zutrittskontrollsystem;;1;;;1
554;zanarzt;Zahnarzt;;;1;;1
555;weihnachtsbäumje;Weihnachtsbäume;;1;;;1
556;praezesion;Präzision;2;1;;;3
557;Stefsn;Stefan;1;;;;1
558;Alternetive;Alternative;1;;;;1
559;Werkstadt;Werkstatt;1;;;;1
560;großlameeln;Großlamellen;;;1;1;2
561;kosmetikverpackungne;Kosmetikverpackungen;;;;1;1
562;Ergothetapie;Ergotherapie;1;;;;1
563;Rechtsanwatrlt;Rechtsanwalt;;2;;;2
564;psychiatr;Psychiater;;;1;;1
565;reprstursturwerkstatt;Reparaturwerkstatt;1;3;1;;5
566;reperssturwerkstatt;Reparaturwerkstatt;2;1;;;3
567;Autoreperatur;Autoreparatur;1;;;;1
568;werkstattteichnik;Werkstatttechnik;;1;;;1
569;Fensterreinigger;Fensterreiniger;;1;;;1
570;reparasturwerkstatt;Reparaturwerkstatt;;1;;;1
571;Instandsetztung;Instandsetzung;;1;;;1
572;Bestattungn;Bestattungen;;;1;;1
573;reparstursturwerkstatt;Reparaturwerkstatt;1;4;;;5
574;hasuverwaltung;Hausverwaltung;;;;1;1
575;Gastroenteroligen;Gastroenterologen;1;;;;1
576;Umzugunternehmen;Umzugsunternehmen;;;1;;1
577;heilpraktikwer;Heilpraktiker;;1;;;1
578;fischgrosshanel;Fischgroßhandel;1;1;1;;3
579;Fernsehtechnicker;Fernsehtechniker;;1;;;1
580;zhum;zum;;1;;;1
581;düsselsorf;Düsseldorf;1;;;;1
582;mKinderarzt;Kinderarzt;;1;;;1
583;raumaustatter;Raumausstatter;;;1;;1
584;Contatiner;Container;;1;;;1
585;beswtattung;Bestattung;;1;;;1
586;göotechnik;Geotechnik;1;;;;1
587;getränkenarkt;Getränkemarkt;1;;;;1
588;Angelikw;Angelika;1;;;;1
589;Osteopatie;Osteopathie;;;1;;1
590;Abschleppdiensz;Abschleppdienst;1;;;;1
591;Baufberatung;Bauberatung;;1;;;1
592;Schumachwr;Schumacher;1;;;;1
593;Versicherunh;Versicherung;1;;;;1
595;Rechtsafnwalt;Rechtsanwalt;;1;;;1
596;feinscreeming;Feinscreening;1;;;;1
597;Husarzt;Hausarzt;;;1;;1
598;webvdesign;Webdesign;;1;;;1
599;pfussbodenverlegung;Fußbodenverlegung;1;2;;;3
600;Liehferservice;Lieferservice;;1;;;1
601;Sugenarzt;Augenarzt;1;;;;1
602;Merceded;Mercedes;1;;;;1
603;Augenarbzt;Augenarzt;;1;;;1
604;Rechtsanwalvt;Rechtsanwalt;;1;;;1
605;raqelett;Raclette;1;;1;;2
606;Psyotherapie;Psychotherapie;;;2;;2
607;sexualdilikt;Sexualdelikt;1;;;;1
608;familuen;Familien;1;;;;1
609;Psychootherapie;Psychotherapie;;1;;;1
610;Psysiotherapie;Physiotherapie;1;;;;1
611;Medizingutachet;Medizingutachter;1;;;;1
612;rainigung;Reinigung;1;;;;1
613;Pizaria;Pizzeria;1;;1;;2
614;Erfrut;Erfurt;;;;1;1
615;Uaunbau;Zaunbau;1;;;;1
616;Kurierdinst;Kurierdienst;;;1;;1
617;Resturant;Restaurant;;;1;;1
618;Neurolohe;Neurologe;1;;;;1
619;Fesnterputzer;Fensterputzer;;;;1;1
620;kurzeitpflege;Kurzzeitpflege;;;1;;1
621;Altpfleger;Altenpfleger;;;2;;2
622;testeintrsg;Testeintrag;1;;;;1
623;heilpraktil;Heilpraktiker;1;;2;;3
624;Maikler;Makler;;1;;;1
625;Reifenservide;Reifenservice;1;;;;1
626;Kreisparkasse;Kreissparkasse;;;1;;1
627;ostepathen;Osteopathen;;;1;;1
628;abrucv;Abbruch;1;;1;;2
629;verbraucherscutz;Verbraucherschutz;;;1;;1
630;Ordnug;Ordnung;;;1;;1
631;testeintrah;Testeintrag;1;;;;1
632;immobilienakler;Immobilienmakler;;;1;;1
634;fahrzeugaufbereitwr;Fahrzeugaufbereiter;1;;;;1
635;haushaltsuaflösung;Haushaltsauflösung;;;;1;1
636;Praxies;Praxis;;1;;;1
637;Meditiintechnik;Medizintechnik;;1;;;1
638;Metzgereiq;Metzgerei;;1;;;1
639;Fensternbau;Fensterbau;;1;;;1
640;verbraucherscgutz;Verbraucherschutz;1;;;;1
641;Versicherug;Versicherung;;;1;;1
642;Cherugie;Chirurgie;1;;1;;2
643;Rechtsanwalto;Rechtsanwalt;;1;;;1
644;Ordnugn;Ordnung;;;;1;1
645;orologe;Urologe;1;;;;1
646;limusinservice;Limousinenservice;;;1;;1
647;unternehmensberateung;Unternehmensberatung;;1;;;1
648;persontransport;Personentransport;;;2;;2
649;eizung;Heizung;;;1;;1
650;verbrauchersutz;Verbraucherschutz;;;2;;2
651;rohrbflussreinigung;Rohrabflussreinigung;;;1;;1
652;Sportfisiotheraphie;Sportphysiotherapie;2;;1;;3
653;Hausabrzt;Hausarzt;;1;;;1
654;Zahsnarzt;Zahnarzt;;1;;;1
655;verker;Verkehr;;;1;;1
656;Pwtrone;Patrone;1;;;;1
657;scgeidung;Scheidung;1;;;;1
658;Immobiöie;Immobilie;1;;;;1
659;jektvermietung;Objektvermietung;;;2;;2
660;ohnungsvermietung;Wohnungsvermietung;;;1;;1
661;immobiliejn;Immobilien;;1;;;1
662;Apothrkren;Apotheken;1;1;;;2
663;Reheklinik;Rehaklinik;1;;;;1
664;heizungsistalation;Heizungsinstallation;;;2;;2
665;Geschekkörbe;Geschenkkörbe;;;1;;1
666;Gastroenterelogie;Gastroenterologie;1;;;;1
667;Berufsbildene;berufsbildende;;;1;;1
668;Spotheke;Apotheke;1;;;;1
669;sanierunf;Sanierung;1;;;;1
670;Autowerkstadtt;Autowerkstatt;;1;;;1
671;Berufsbildede;berufsbildende;;;1;;1
672;Küchsenstudio;Küchenstudio;;1;;;1
673;partysercice;Partyservice;1;;;;1
674;grundbuchn;Grundbuch;;1;;;1
675;Wellnessassage;Wellnessmassage;;;1;;1
676;Wellnesmassage;Wellnessmassage;;;1;;1
677;diakomissenkrankenhaus;Diakonissenkrankenhaus;1;;;;1
678;fotosdtudio;Fotostudio;;1;;;1
679;cheffsessel;Chefsessel;;1;;;1
680;Scheidgung;Scheidung;;1;;;1
681;Pfandleihaus;Pfandleihhaus;;;1;;1
682;elekto;Elektro;;;1;;1
683;Zahnsrtz;Zahnarzt;1;;;1;2
684;keangkenkasse;Krankenkasse;1;1;;;2
685;Restorant;Restaurant;1;;1;;2
686;Ayurvedmassage;Ayurvedamassage;;;1;;1
687;Podoltoge;Podologe;;1;;;1
688;Massagpraxis;Massagepraxis;;;1;;1
689;Steuerbearter;Steuerberater;;;;1;1
690;fiedhofsgärtnerei;Friedhofsgärtnerei;;;1;;1
691;Sägewerg;Sägewerk;1;;;;1
692;Christbaumverkaudf;Christbaumverkauf;;1;;;1
693;Dedorationen;Dekorationen;1;;;;1
694;Servwerkstatt;Servicewerkstatt;;;3;;3
695;Briefmarkten;Briefmarken;;1;;;1
696;Munzen;Münzen;1;;;;1
697;Hiezkraftwerk;Heizkraftwerk;;;;1;1
698;Möbelschreinereil;Möbelschreinerei;;1;;;1
699;Kunststofff;Kunststoff;;1;;;1
700;Edeltraug;Edeltraud;1;;;;1
701;orthopäda;Orthopäde;1;;;;1
702;Immobilnmakler;Immobilienmakler;;;2;;2
703;gebäudereiningun;Gebäudereinigung;;1;1;;2
704;Urdrologe;Urologe;;2;;;2
705;Hsndwerker;Handwerker;1;;;;1
706;gesunndheit;Gesundheit;;1;;;1
707;Urdologe;Urologe;;1;;;1
708;Gartenbaau;Gartenbau;;1;;;1
709;Gastroentereologei;Gastroenterologie;;1;;1;2
710;kunststofffe;Kunststoffe;;1;;;1
711;Geträmk;Getränk;1;;;;1
712;Immobliele;Immobilie;;2;1;;3
713;sppiegel;Spiegel;;1;;;1
714;Malerbetrib;Malerbetrieb;;;1;;1
715;Tiefbu;Tiefbau;;;1;;1
716;goldbrunen;Goldbrunnen;;;1;;1
717;Immobiloenmakler;Immobilienmakler;1;;;;1
718;christiam;Christian;1;;;;1
719;Elektrocervice;Elektroservice;1;;;;1
720;Goldvrkauf;Goldverkauf;1;;;;1
721;Augenarztin;Augenärztin;1;;;;1
722;Ölhezung;Ölheizung;;;1;;1
723;Cpmputer;Computer;1;;;;1
724;generationswechse;Generationswechsel;;;1;;1
725;schulerbeförderungt;Schülerbeförderung;1;1;;;2
726;sozialdient;Sozialdienst;;;1;;1
727;Verkehrsrechg;Verkehrsrecht;1;;;;1
728;blummen;Blumen;;1;;;1
729;Onkolohoe;Onkologie;2;;;;2
730;Autoerkstatt;Autowerkstatt;;;1;;1
731;immobilinemakler;Immobilienmakler;;;;1;1
733;organsiation;Organisation;;;;1;1
734;laserteechnik;Lasertechnik;;1;;;1
735;allgemwin;allgemein;1;;;;1
736;Heilpraktiger;Heilpraktiker;1;;;;1
737;Beksung;Bekiesung;;;2;;2
738;Bkiesung;Bekiesung;;;1;;1
739;Bautenschurz;Bautenschutz;1;;;;1
740;Algemeinpraxis;Allgemeinpraxis;;;1;;1
741;HEITZÖLTANKENTSORGUNG;Heizöltankentsorgung;;1;;;1
742;unternhemen;Unternehmen;;;;1;1
743;Einkazf;Einkauf;1;;;;1
744;Frausrtz;Frauenarzt;1;;2;1;4
745;plastosche;plastische;1;;;;1
746;Schirurg;Chirurg;;1;;;1
747;Dachdeckerkerei;Dachdeckerei;;3;;;3
748;Immobilienmarkler;Immobilienmakler;;1;;;1
749;Spenglerarbeten;Spenglerarbeiten;;;1;;1
750;Frieseue;Friseur;1;1;;;2
751;Anhängervermierung;Anhängervermietung;1;;;;1
752;Fleuscherei;Fleischerei;1;;;;1
753;Gäbeudereinigug;Gebäudereinigung;2;;;;2
754;Confiserie;Konfiserie;1;;;;1
755;entrümplungen;Entrümpelungen;;;;;1
756;famielenberater;Familienberater;;1;1;;2
757;Altbaisanierung;Altbausanierung;1;;;;1
758;Therapir;Therapie;1;;;;1
759;rinigung;Reinigung;;;1;;1
760;Anwelte;Anwälte;1;;;;1
761;contianer;Container;;;;1;1
762;bauunternehmn;Bauunternehmen;;;1;;1
763;fotodesgn;Fotodesign;;;1;;1
764;plastsche;plastische;;;1;;1
765;Schirurgie;Chirurgie;;1;;;1
766;ingineur;Ingenieur;;;1;1;2
767;Chirotherapoe;Chirotherapie;1;;;;1
768;Reinigungf;Reinigung;;1;;;1
769;gastroetsntologe;Gastroenterologe;;2;2;;4
770;Autowerkstattb;Autowerkstatt;;1;;;1
771;herzkateder;Herzkatheter;1;;1;;2
772;Strefrecht;Strafrecht;1;;;;1
773;Hausmeisetrservice;Hausmeisterservice;;;;1;1
774;-verreter;Vertreter;1;1;;;2
775;unallchirurgie;Unfallchirurgie;;;1;;1
776;Physliotherapie;Physiotherapie;;1;;;1
777;Garetn-;Garten;;1;;1;2
778;wohnungv;Wohnung;;1;;;1
779;handwerer;Handwerker;;;1;;1
780;Dokuemtnationsarbeiten;Dokumentationsarbeiten;;;;2;2
781;Unfallgutchter;Unfallgutachter;;;1;;1
782;Volzwagen;Volkswagen;1;;1;;2
783;physiotherpie;Physiotherapie;;;1;;1
784;Festerputzr;Fensterputzer;;;1;;1
785;autowerstatt;Autowerkstatt;;;1;;1
786;Autowrstatt;Autowerkstatt;;;2;;2
787;Urologed;Urologe;;1;;;1
788;jaloisien;Jalousien;1;;;;1
789;Hausverwaltunf;Hausverwaltung;1;;;;1
790;Schmuxk;Schmuck;1;;;;1
791;Rechtsjanwalt;Rechtsanwalt;;1;;;1
792;Deutschher;deutscher;;1;;;1
793;Pakettansport;Pakettransport;;;1;;1
794;malereibetrirb;Malereibetrieb;1;;;;1
795;psychiate;Psychiater;;;1;;1
796;psychotheraoue;Psychotherapie;2;;;;2
797;Stuckater;Stuckateur;;;1;;1
798;Immobilienmajler;Immobilienmakler;1;;;;1
799;Autowerkstattf;Autowerkstatt;;1;;;1
800;bestettung;Bestattung;1;;;;1
801;Reiseveranstalrter;Reiseveranstalter;;1;;;1
802;Arisssarbeiten;Abrissarbeiten;;1;1;;2
803;matthuas;Matthias;1;;;;1
804;immobileinverwalter;Immobilienverwalter;;;;1;1
805;facanwalt;Fachanwalt;;;1;;1
806;markler;Makler;;;1;;1
807;Steuerberster;Steuerberater;1;;;;1
808;hautarzdt;Hautarzt;;1;;;1
809;transpotr;Transport;;;;1;1
810;heilpraktier;Heilpraktiker;;;1;;1
811;Raumausatter;Raumausstatter;;;2;;2
812;Restaurhant;Restaurant;;1;;;1
813;nagelpitzmittel;Nagelputzmittel;1;;;;1
814;Rechtsanwaltr;Rechtsanwalt;;1;;;1
815;Haushalthilfe;Haushaltshilfe;;;1;;1
816;Gebeudereinigung;Gebäudereinigung;1;;;;1
817;Zahnchirg;Zahnchirurg;;;2;;2
818;Reinigungsprodulten;Reinigungsprodukten;1;;;;1
819;medizien;Medizin;;1;;;1
820;Rsechtsanwalt;Rechtsanwalt;;1;;;1
821;Harrstudio;Haarstudio;1;;;;1
822;schädlingsbejämpfung;Schädlingsbekämpfung;1;;;;1
823;TANSPORT;Transport;;;1;;1
824;sächsiche;sächsische;;;1;;1
825;schreinereo;Schreinerei;1;;;;1
826;Rerinigung;Reinigung;;1;;;1
827;bausaunierung;Bausanierung;;1;;;1
828;flughafentrabnsfer;Flughafentransfer;;1;;;1
829;containerdienstz;Containerdienst;;1;;;1
830;hausartz;Hausarzt;;;;1;1
831;maschienen;Maschinen;;1;;;1
832;treuhaqnd;Treuhand;1;;;;1
833;osteopaten;Osteopathen;;;1;;1
835;appartment;Apartment;;1;;;1
836;gastroentrologe;Gastroenterologe;;;1;;1
837;teinmetze;Steinmetze;;;1;;1
838;Altbausarnierung;Altbausanierung;;1;;;1
839;Katzrnnanny;Katzennanny;1;;;;1
840;Wrihnacjtsbildr;Weihnachtsbilder;2;;1;;3
841;Weihnacjtsbildet;Weihnachtsbilder;2;;;;2
842;Michaeia;Michaela;1;;;;1
843;denleger;Bodenleger;;;2;;2
844;Mietrexht;Mietrecht;1;;;;1
845;Tekefonbuch;Telefonbuch;1;;;;1
846;Ortopedische;orthopädische;1;;1;;2
847;nasenkorekktur;Nasenkorrektur;;1;1;;2
848;Steuerberatzng;Steuerberatung;1;;;;1
849;Atohaus;Autohaus;;;1;;1
850;Zimmmerman;Zimmermann;;1;1;;2
851;zshnsrtzt;Zahnarzt;2;1;;;3
853;gastronimi;Gastronomie;1;;1;;2
854;versicheung;Versicherung;;;1;;1
855;Familienrecsht;Familienrecht;;1;;;1
856;Reingiung;Reinigung;;;;1;1
857;biladen;Bioladen;;;1;;1
858;Ofnungzeiten;Öffnungszeiten;1;;2;;3
859;Fucken;ficken;1;;;;1
860;Gastroentrologie;Gastroenterologie;;;1;;1
861;Dacdecker;Dachdecker;;;1;;1
862;haptzollamt;Hauptzollamt;;;1;;1
863;Algemein;allgemein;;;1;;1
864;Mascjhinen;Maschinen;;1;;;1
865;agenturt;Agentur;;1;;;1
866;rechtsanwälre;Rechtsanwälte;1;;;;1
867;Badaustellung;Badausstellung;;;1;;1
868;Allgemdeinarzt;Allgemeinarzt;;1;;;1
869;Änderunsschneiderei;Änderungsschneiderei;;;1;;1
870;Reinigungsdervice;Reinigungsservice;1;;;;1
871;Wohhnung;Wohnung;;1;;;1
872;stezuerberater;Steuerberater;;1;;;1
873;Orthomädieschuhmacher;Orthopädieschuhmacher;1;;;;1
874;-Jugrpsychater;Jugendpsychiater;1;1;3;;5
875;Steuerberatet;Steuerberater;1;;;;1
876;Straßenbauiten;Straßenbauten;;1;;;1
877;Stuerwesen;Steuerwesen;;;1;;1
878;Schornsteinfegert;Schornsteinfeger;;1;;;1
879;Homeopathie;Homöopathie;1;;;;1
880;kardiiologie;Kardiologie;;1;;;1
881;steuerberateer;Steuerberater;;1;;;1
882;Sicherheitsrtechnik;Sicherheitstechnik;;1;;;1
883;Fotographer;Fotograf;1;3;;;4
884;Klavierunterrucht;Klavierunterricht;1;;;;1
885;Mobilitait;Mobilität;1;1;;;2
886;Baumarjt;Baumarkt;1;;;;1
887;frauenarzzt;Frauenarzt;;1;;;1
888;Physiotherapier;Physiotherapie;;1;;;1
889;Allgemeiarzt;Allgemeinarzt;;;1;;1
890;Immibilien;Immobilien;1;;;;1
891;Reinigunkraft;Reinigungskraft;;;2;;2
892;rettuung;Rettung;;1;;;1
893;Klavierunterrichti;Klavierunterricht;;1;;;1
894;Zahnartz;Zahnarzt;;;;1;1
895;computerladn;Computerladen;;;1;;1
896;Ferienimmobil;Ferienimmobilie;;;2;;2
897;landshule;Landschule;;;1;;1
898;Metallverabeitung;Metallverarbeitung;;;1;;1
899;parkettlleger;Parkettleger;;1;;;1
900;Autowerkstactt;Autowerkstatt;;1;;;1
901;massagesessek;Massagesessel;1;;;;1
902;regnwassersysteme;Regenwassersysteme;;;1;;1
903;Unternehemn;Unternehmen;;;;1;1
904;ahnimplantste;Zahnimplantate;1;;1;;2
905;Uahnimplantst;Zahnimplantat;2;;;;2
906;heiznun;Heizung;;1;1;;2
907;parkeleger;Parkettleger;;;2;;2
908;Umzugszzunternehmen;Umzugsunternehmen;;2;;;2
909;Pflasterreinigugn;Pflasterreinigung;;;;1;1
910;Versicheurng;Versicherung;;;;1;1
911;marokanisches;marokkanisches;;;1;;1
912;touristinformation;Touristeninformation;;;2;;2
913;Psytherapeut;Psychotherapeut;;;3;;3
914;wohverwaltung;Wohnverwaltung;;;1;;1
915;strinmrrz;Steinmetz;3;;;;3
916;Arkturbüro;Architekturbüro;;;6;;6
917;hauswalter;Hausverwalter;;;3;;3
918;Baumschue;Baumschule;;;1;;1
919;apootheke;Apotheke;;1;;;1
920;Pizzaria;Pizzeria;1;;;;1
921;Elektrikerr;Elektriker;;1;;;1
922;Imobilienmarkler;Immobilienmakler;;1;1;;2
923;Badmobeln;Badmöbel;1;1;;;2
924;Gartenbav;Gartenbau;1;;;;1
925;Lebensmittelransport;Lebensmitteltransport;;;1;;1
926;Zahnartzt;Zahnarzt;;1;;;1
927;schankanlagenserivce;Schankanlagenservice;;;;1;1
928;schonheit;Schönheit;1;;;;1
929;fur;für;1;;;;1
930;Abbschleppdienst;Abschleppdienst;;1;;;1
931;Direktvertrueb;Direktvertrieb;1;;;;1
932;holzhandej;Holzhandel;1;;;;1
933;enossenschaf;Genossenschaft;;;2;;2
934;Versicherungenmakle;Versicherungsmakler;1;1;1;;3
935;Physiotheraie;Physiotherapie;;;1;;1
936;Juornalist;Journalist;;;;1;1
937;Einzekhandel;Einzelhandel;1;;;;1
938;Änderungschneidwr;Änderungsschneider;1;;1;;2
939;Autovermieutng;Autovermietung;;;;1;1
940;Inere;innere;;;1;;1
941;Porzellanresturierung;Porzellanrestaurierung;;;1;;1
942;Spezialtäten;Spezialitäten;;;1;;1
943;Privatpersoh;Privatperson;1;;;;1
944;Rechtsanwäte;Rechtsanwälte;;;1;;1
945;Langhammet;Langhammer;1;;;;1
946;Porzellaninstansetzung;Porzellaninstandsetzung;;;1;;1
947;Psycotherapeutin;Psychotherapeutin;;;1;;1
948;Fahrradwekstadt;Fahrradwerkstatt;1;;1;;2
949;Immobiliemrecht;Immobilienrecht;1;;;;1
950;rchtsanwalt;Rechtsanwalt;;;1;;1
951;Restaurantfr;Restaurant;;2;;;2
952;therapi;Therapie;;;1;;1
953;freiseur;Friseur;;1;;;1
954;andelsgesellschaft;Handelsgesellschaft;;;1;;1
955;Diretversicherung;Direktversicherung;;;1;;1
956;motoradhandel;Motorradhandel;;;1;;1
957;Änderungschneiudre;Änderungsschneider;;1;1;1;3
958;Steuerbeerater;Steuerberater;;1;;;1
959;Gebaudereinigung;Gebäudereinigung;1;;;;1
960;etriebshaftpflicht;Betriebshaftpflicht;;;1;;1
961;weinahndel;Weinhandel;;;;1;1
962;ökoligische;ökologische;1;;;;1
963;Berufsgenossenscxhadf;Berufsgenossenschaft;2;1;;;3
964;finazberatung;Finanzberatung;;;1;;1
965;Änderungschneiudr;Änderungsschneider;;1;2;;3
966;rechtsanwald;Rechtsanwalt;1;;;;1
967;firmenversicxherung;Firmenversicherung;;1;;;1
968;etriebshaftpflichtversicherung;Betriebshaftpflichtversicherung;;;1;;1
969;-wasswerinstallateur;Wasserinstallateur;;2;;;2
970;speziall;spezial;;1;;;1
971;uklearmedizin;Nuklearmedizin;;;1;;1
972;versicherunhg;Versicherung;;1;;;1
973;Wondervolle;wundervolle;1;;;;1
974;erufsunfähigkeitsversicherungen;Berufsunfähigkeitsversicherungen;;;1;;1
975;Besttungen;Bestattungen;;;1;;1
976;Reataurant;Restaurant;1;;;;1
977;gemeide;Gemeinde;;;1;;1
978;Dollmetscher;Dolmetscher;;1;;;1
979;Tierpleger;Tierpfleger;;;1;;1
980;Tieefbau;Tiefbau;;1;;;1
981;pitzaservice;Pizzaservice;1;;;;1
982;kosmetikk;Kosmetik;;1;;;1
983;hautarztt;Hautarzt;;1;;;1
984;Immoblien;Immobilien;;;1;;1
985;bvaudienstleistung;Baudienstleistung;;1;;;1
986;Flieseblger;Fliesenleger;1;;1;;2
988;Fassadenreiningun;Fassadenreinigung;;1;1;;2
989;schulbedaf;Schulbedarf;;;1;;1
990;Steeuer;Steuer;;1;;;1
991;Rechhtsanwalt;Rechtsanwalt;;1;;;1
992;Rechstschutz;Rechtsschutz;;;;1;1
993;baumpfelge;Baumpflege;;;;1;1
994;chirog;Chirurg;1;;1;;1
995;Recmhtsanwalt;Rechtsanwalt;;1;;;1
996;schweisstechmnik;Schweißtechnik;1;2;;;3
997;Versicherunu;Versicherung;1;;;;1
998;immobiliw;Immobilie;1;;;;1
999;heizugswartung;Heizungswartung;;;1;;1
1000;Neurodemitis;Neurodermitis;;;1;;1